ingestdate,source,mfr,mpn,partnumber,qtyavail,price
20130808,source1,mfr1,mpn1,partnumber3,104033,-1
20130808,source1,mfr1,mpn1,partnumber1,104033,0.23
20130808,source1,mfr1,mpn1,partnumber2,102000,0.03749
20130809,source1,mfr1,mpn1,partnumber3,103748,-1
20130809,source1,mfr1,mpn1,partnumber1,103748,0.23
20130809,source1,mfr1,mpn1,partnumber2,102000,0.03749
20130809,source1,mfr1,mpn1,partnumber3,103748,-1
20130809,source1,mfr1,mpn1,partnumber1,103748,0.23
20130809,source1,mfr1,mpn1,partnumber2,102000,0.03749
20130810,source1,mfr1,mpn1,partnumber3,103368,-1
20130810,source1,mfr1,mpn1,partnumber1,103368,0.23
20130810,source1,mfr1,mpn1,partnumber2,102000,0.03749
20130810,source1,mfr1,mpn1,partnumber3,103368,-1
20130810,source1,mfr1,mpn1,partnumber1,103368,0.23
20130810,source1,mfr1,mpn1,partnumber2,102000,0.03749
20130811,source1,mfr1,mpn1,partnumber2,102000,0.03749
20130811,source1,mfr1,mpn1,partnumber1,103368,0.23
20130811,source1,mfr1,mpn1,partnumber3,103368,-1
20130812,source1,mfr1,mpn1,partnumber3,103368,-1
20130812,source1,mfr1,mpn1,partnumber1,103368,0.23
20130812,source1,mfr1,mpn1,partnumber2,102000,0.03749
20130812,source1,mfr1,mpn1,partnumber3,103368,-1
20130812,source1,mfr1,mpn1,partnumber1,103368,0.23
20130812,source1,mfr1,mpn1,partnumber2,102000,0.03749
20130813,source1,mfr1,mpn1,partnumber3,103088,-1
20130813,source1,mfr1,mpn1,partnumber1,103088,0.23
20130813,source1,mfr1,mpn1,partnumber2,102000,0.03749
20130813,source1,mfr1,mpn1,partnumber3,103088,-1
20130813,source1,mfr1,mpn1,partnumber1,103088,0.23
20130813,source1,mfr1,mpn1,partnumber2,102000,0.03749
20130814,source1,mfr1,mpn1,partnumber3,97088,-1
20130814,source1,mfr1,mpn1,partnumber1,97088,0.23
20130814,source1,mfr1,mpn1,partnumber2,96000,0.03749
20130814,source1,mfr1,mpn1,partnumber3,97088,-1
20130814,source1,mfr1,mpn1,partnumber1,97088,0.23
20130814,source1,mfr1,mpn1,partnumber2,96000,0.03749
20130815,source1,mfr1,mpn1,partnumber3,93798,-1
20130815,source1,mfr1,mpn1,partnumber1,93798,0.23
20130815,source1,mfr1,mpn1,partnumber2,93000,0.03749
20130815,source1,mfr1,mpn1,partnumber3,93798,-1
20130815,source1,mfr1,mpn1,partnumber1,93798,0.23
20130815,source1,mfr1,mpn1,partnumber2,93000,0.03749
20130816,source1,mfr1,mpn1,partnumber3,93798,-1
20130816,source1,mfr1,mpn1,partnumber1,93798,0.23
20130816,source1,mfr1,mpn1,partnumber2,90000,0.03749
20130816,source1,mfr1,mpn1,partnumber3,93798,-1
20130816,source1,mfr1,mpn1,partnumber1,93798,0.23
20130816,source1,mfr1,mpn1,partnumber2,90000,0.03749
20130817,source1,mfr1,mpn1,partnumber2,87000,0.03749
20130817,source1,mfr1,mpn1,partnumber1,90629,0.23
20130817,source1,mfr1,mpn1,partnumber3,90629,-1
20130817,source1,mfr1,mpn1,partnumber3,90629,-1
20130817,source1,mfr1,mpn1,partnumber1,90629,0.23
20130817,source1,mfr1,mpn1,partnumber2,87000,0.03749
20130818,source1,mfr1,mpn1,partnumber2,84000,0.03749
20130818,source1,mfr1,mpn1,partnumber1,87621,0.23
20130818,source1,mfr1,mpn1,partnumber3,87621,-1
20130818,source1,mfr1,mpn1,partnumber2,84000,0.03749
20130818,source1,mfr1,mpn1,partnumber1,87621,0.23
20130818,source1,mfr1,mpn1,partnumber3,87621,-1
20130819,source1,mfr1,mpn1,partnumber3,87621,-1
20130819,source1,mfr1,mpn1,partnumber1,87621,0.23
20130819,source1,mfr1,mpn1,partnumber2,84000,0.03749
20130819,source1,mfr1,mpn1,partnumber2,84000,0.03749
20130819,source1,mfr1,mpn1,partnumber1,87621,0.23
20130819,source1,mfr1,mpn1,partnumber3,87621,-1
20130820,source1,mfr1,mpn1,partnumber2,84000,0.03749
20130820,source1,mfr1,mpn1,partnumber1,86991,0.23
20130820,source1,mfr1,mpn1,partnumber3,86991,-1
20130820,source1,mfr1,mpn1,partnumber3,86991,-1
20130820,source1,mfr1,mpn1,partnumber1,86991,0.23
20130820,source1,mfr1,mpn1,partnumber2,84000,0.03749
20130905,source1,mfr1,mpn1,partnumber3,92656,-1
20130905,source1,mfr1,mpn1,partnumber1,92656,0.23
20130905,source1,mfr1,mpn1,partnumber2,90000,0.03749
20130906,source1,mfr1,mpn1,partnumber2,84000,0.03749
20130906,source1,mfr1,mpn1,partnumber1,86656,0.23
20130906,source1,mfr1,mpn1,partnumber3,86656,-1
20130907,source1,mfr1,mpn1,partnumber3,92556,-1
20130907,source1,mfr1,mpn1,partnumber1,92556,0.23
20130907,source1,mfr1,mpn1,partnumber2,90000,0.03749
20130908,source1,mfr1,mpn1,partnumber3,92541,-1
20130908,source1,mfr1,mpn1,partnumber1,92541,0.23
20130908,source1,mfr1,mpn1,partnumber2,90000,0.03749
20130909,source1,mfr1,mpn1,partnumber3,92541,-1
20130909,source1,mfr1,mpn1,partnumber1,92541,0.23
20130909,source1,mfr1,mpn1,partnumber2,90000,0.03749
20130910,source1,mfr1,mpn1,partnumber2,90000,0.03749
20130910,source1,mfr1,mpn1,partnumber1,92231,0.23
20130910,source1,mfr1,mpn1,partnumber3,92231,-1
20130911,source1,mfr1,mpn1,partnumber3,104131,-1
20130911,source1,mfr1,mpn1,partnumber1,104131,0.23
20130911,source1,mfr1,mpn1,partnumber2,102000,0.03749
20130912,source1,mfr1,mpn1,partnumber2,99000,0.03749
20130912,source1,mfr1,mpn1,partnumber1,100476,0.23
20130912,source1,mfr1,mpn1,partnumber3,100476,-1
20130913,source1,mfr1,mpn1,partnumber2,96000,0.03749
20130913,source1,mfr1,mpn1,partnumber1,97146,0.23
20130913,source1,mfr1,mpn1,partnumber3,97146,-1
20130914,source1,mfr1,mpn1,partnumber3,94031,-1
20130914,source1,mfr1,mpn1,partnumber1,94031,0.23
20130914,source1,mfr1,mpn1,partnumber2,93000,0.03749
20130915,source1,mfr1,mpn1,partnumber2,93000,0.03749
20130915,source1,mfr1,mpn1,partnumber1,94031,0.23
20130915,source1,mfr1,mpn1,partnumber3,94031,-1
20130916,source1,mfr1,mpn1,partnumber3,94031,-1
20130916,source1,mfr1,mpn1,partnumber1,94031,0.23
20130916,source1,mfr1,mpn1,partnumber2,93000,0.03749
20130918,source1,mfr1,mpn1,partnumber3,92976,-1
20130918,source1,mfr1,mpn1,partnumber1,92976,0.23
20130918,source1,mfr1,mpn1,partnumber2,90000,0.03749
20130919,source1,mfr1,mpn1,partnumber2,75000,0.03749
20130919,source1,mfr1,mpn1,partnumber1,77566,0.23
20130919,source1,mfr1,mpn1,partnumber3,77566,-1
20130920,source1,mfr1,mpn1,partnumber3,77502,-1
20130920,source1,mfr1,mpn1,partnumber1,77502,0.23
20130920,source1,mfr1,mpn1,partnumber2,75000,0.03749
20130921,source1,mfr1,mpn1,partnumber3,77222,-1
20130921,source1,mfr1,mpn1,partnumber1,77222,0.23
20130921,source1,mfr1,mpn1,partnumber2,75000,0.03749
20130922,source1,mfr1,mpn1,partnumber2,75000,0.03749
20130922,source1,mfr1,mpn1,partnumber1,77222,0.23
20130922,source1,mfr1,mpn1,partnumber3,77222,-1
20130923,source1,mfr1,mpn1,partnumber3,77222,-1
20130923,source1,mfr1,mpn1,partnumber1,77222,0.23
20130923,source1,mfr1,mpn1,partnumber2,75000,0.03749
20130924,source1,mfr1,mpn1,partnumber3,74067,-1
20130924,source1,mfr1,mpn1,partnumber1,74067,0.23
20130924,source1,mfr1,mpn1,partnumber2,72000,0.03749
20130925,source1,mfr1,mpn1,partnumber3,73842,-1
20130925,source1,mfr1,mpn1,partnumber1,73842,0.23
20130925,source1,mfr1,mpn1,partnumber2,72000,0.03749
20130926,source1,mfr1,mpn1,partnumber3,84817,-1
20130926,source1,mfr1,mpn1,partnumber1,84817,0.23
20130926,source1,mfr1,mpn1,partnumber2,84000,0.03749
20130927,source1,mfr1,mpn1,partnumber3,96809,-1
20130927,source1,mfr1,mpn1,partnumber1,96809,0.23
20130927,source1,mfr1,mpn1,partnumber2,96000,0.03749
20130928,source1,mfr1,mpn1,partnumber2,114000,0.03749
20130928,source1,mfr1,mpn1,partnumber1,114743,0.23
20130928,source1,mfr1,mpn1,partnumber3,114743,-1
20130929,source1,mfr1,mpn1,partnumber2,114000,0.03749
20130929,source1,mfr1,mpn1,partnumber1,114743,0.23
20130929,source1,mfr1,mpn1,partnumber3,114743,-1
20130930,source1,mfr1,mpn1,partnumber2,114000,0.03749
20130930,source1,mfr1,mpn1,partnumber1,114643,0.23
20130930,source1,mfr1,mpn1,partnumber3,114743,-1
20131001,source1,mfr1,mpn1,partnumber2,111000,0.03749
20131001,source1,mfr1,mpn1,partnumber1,111533,0.23
20131001,source1,mfr1,mpn1,partnumber3,111533,-1
20131002,source1,mfr1,mpn1,partnumber3,105383,-1
20131002,source1,mfr1,mpn1,partnumber1,105383,0.23
20131002,source1,mfr1,mpn1,partnumber2,105000,0.03749
20131003,source1,mfr1,mpn1,partnumber2,105000,0.03749
20131003,source1,mfr1,mpn1,partnumber1,105377,0.23
20131003,source1,mfr1,mpn1,partnumber3,105377,-1
20131004,source1,mfr1,mpn1,partnumber3,105002,-1
20131004,source1,mfr1,mpn1,partnumber1,105002,0.23
20131004,source1,mfr1,mpn1,partnumber2,102000,0.03749
20131005,source1,mfr1,mpn1,partnumber3,101290,-1
20131005,source1,mfr1,mpn1,partnumber1,101290,0.23
20131005,source1,mfr1,mpn1,partnumber2,99000,0.03749
20131017,source1,mfr1,mpn1,partnumber2,81000,0.03749
20131017,source1,mfr1,mpn1,partnumber1,83057,0.23
20131017,source1,mfr1,mpn1,partnumber3,83057,-1
20131018,source1,mfr1,mpn1,partnumber2,75000,0.03749
20131018,source1,mfr1,mpn1,partnumber1,78109,0.23
20131018,source1,mfr1,mpn1,partnumber3,78109,-1
20131019,source1,mfr1,mpn1,partnumber2,75000,0.03749
20131019,source1,mfr1,mpn1,partnumber1,78097,0.23
20131019,source1,mfr1,mpn1,partnumber3,78097,-1
20131020,source1,mfr1,mpn1,partnumber3,78097,-1
20131020,source1,mfr1,mpn1,partnumber1,78097,0.23
20131020,source1,mfr1,mpn1,partnumber2,75000,0.03749
20131021,source1,mfr1,mpn1,partnumber2,75000,0.03749
20131021,source1,mfr1,mpn1,partnumber1,77722,0.23
20131021,source1,mfr1,mpn1,partnumber3,77722,-1
20131022,source1,mfr1,mpn1,partnumber2,75000,0.03749
20131022,source1,mfr1,mpn1,partnumber1,77585,0.23
20131022,source1,mfr1,mpn1,partnumber3,77585,-1
20131023,source1,mfr1,mpn1,partnumber3,74359,-1
20131023,source1,mfr1,mpn1,partnumber1,74359,0.23
20131023,source1,mfr1,mpn1,partnumber2,72000,0.03749
20131024,source1,mfr1,mpn1,partnumber2,69000,0.03749
20131024,source1,mfr1,mpn1,partnumber1,71294,0.23
20131024,source1,mfr1,mpn1,partnumber3,71294,-1
20131025,source1,mfr1,mpn1,partnumber3,67757,-1
20131025,source1,mfr1,mpn1,partnumber1,67757,0.23
20131025,source1,mfr1,mpn1,partnumber2,66000,0.03749
20131026,source1,mfr1,mpn1,partnumber2,63000,0.03749
20131026,source1,mfr1,mpn1,partnumber1,64653,0.23
20131026,source1,mfr1,mpn1,partnumber3,64653,-1
20131028,source1,mfr1,mpn1,partnumber3,64653,-1
20131028,source1,mfr1,mpn1,partnumber1,64653,0.23
20131028,source1,mfr1,mpn1,partnumber2,63000,0.03749
20131029,source1,mfr1,mpn1,partnumber2,48000,0.03749
20131029,source1,mfr1,mpn1,partnumber1,49538,0.23
20131029,source1,mfr1,mpn1,partnumber3,49538,-1
20131030,source1,mfr1,mpn1,partnumber2,48000,0.03749
20131030,source1,mfr1,mpn1,partnumber1,49528,0.23
20131030,source1,mfr1,mpn1,partnumber3,49528,-1
20131031,source1,mfr1,mpn1,partnumber3,49378,-1
20131031,source1,mfr1,mpn1,partnumber1,49378,0.23
20131031,source1,mfr1,mpn1,partnumber2,48000,0.03749
20131101,source1,mfr1,mpn1,partnumber3,45853,-1
20131101,source1,mfr1,mpn1,partnumber1,45853,0.23
20131101,source1,mfr1,mpn1,partnumber2,45000,0.03749
20131102,source1,mfr1,mpn1,partnumber2,42000,0.03749
20131102,source1,mfr1,mpn1,partnumber1,45741,0.23
20131102,source1,mfr1,mpn1,partnumber3,45741,-1
20131103,source1,mfr1,mpn1,partnumber3,45741,-1
20131103,source1,mfr1,mpn1,partnumber1,45741,0.23
20131103,source1,mfr1,mpn1,partnumber2,42000,0.03749
20131104,source1,mfr1,mpn1,partnumber2,42000,0.03749
20131104,source1,mfr1,mpn1,partnumber1,45741,0.23
20131104,source1,mfr1,mpn1,partnumber3,45741,-1
20131105,source1,mfr1,mpn1,partnumber3,39384,-1
20131105,source1,mfr1,mpn1,partnumber1,39384,0.23
20131105,source1,mfr1,mpn1,partnumber2,36000,0.03749
20131106,source1,mfr1,mpn1,partnumber3,39354,-1
20131106,source1,mfr1,mpn1,partnumber1,39354,0.23
20131106,source1,mfr1,mpn1,partnumber2,36000,0.03749
20131107,source1,mfr1,mpn1,partnumber2,33000,0.03749
20131107,source1,mfr1,mpn1,partnumber1,36323,0.23
20131107,source1,mfr1,mpn1,partnumber3,36323,-1
20131109,source1,mfr1,mpn1,partnumber2,48000,0.03749
20131109,source1,mfr1,mpn1,partnumber1,50591,0.23
20131109,source1,mfr1,mpn1,partnumber3,50591,-1
20131110,source1,mfr1,mpn1,partnumber3,50591,-1
20131110,source1,mfr1,mpn1,partnumber1,50591,0.23
20131110,source1,mfr1,mpn1,partnumber2,48000,0.03749
20131111,source1,mfr1,mpn1,partnumber2,48000,0.03749
20131111,source1,mfr1,mpn1,partnumber1,50591,0.23
20131111,source1,mfr1,mpn1,partnumber3,50591,-1
20131112,source1,mfr1,mpn1,partnumber3,50263,-1
20131112,source1,mfr1,mpn1,partnumber1,50263,0.23
20131112,source1,mfr1,mpn1,partnumber2,48000,0.03749
20131113,source1,mfr1,mpn1,partnumber3,80246,-1
20131113,source1,mfr1,mpn1,partnumber1,80246,0.23
20131113,source1,mfr1,mpn1,partnumber2,78000,0.03749
20131114,source1,mfr1,mpn1,partnumber3,78786,-1
20131114,source1,mfr1,mpn1,partnumber1,78786,0.23
20131114,source1,mfr1,mpn1,partnumber2,75000,0.03749
20131115,source1,mfr1,mpn1,partnumber2,72000,0.03749
20131115,source1,mfr1,mpn1,partnumber1,74435,0.23
20131115,source1,mfr1,mpn1,partnumber3,78435,-1
20131116,source1,mfr1,mpn1,partnumber2,72000,0.03749
20131116,source1,mfr1,mpn1,partnumber1,74490,0.23
20131116,source1,mfr1,mpn1,partnumber3,74490,-1
20131117,source1,mfr1,mpn1,partnumber2,72000,0.03749
20131117,source1,mfr1,mpn1,partnumber1,74490,0.23
20131117,source1,mfr1,mpn1,partnumber3,74490,-1
20131118,source1,mfr1,mpn1,partnumber3,74490,-1
20131118,source1,mfr1,mpn1,partnumber1,71490,0.23
20131118,source1,mfr1,mpn1,partnumber2,72000,0.03749
20131126,source1,mfr1,mpn1,partnumber2,87000,0.03749
20131126,source1,mfr1,mpn1,partnumber1,89808,0.23
20131126,source1,mfr1,mpn1,partnumber3,89778,-1
20131127,source1,mfr1,mpn1,partnumber2,87000,0.03749
20131127,source1,mfr1,mpn1,partnumber1,89724,0.23
20131127,source1,mfr1,mpn1,partnumber3,89724,-1
20131128,source1,mfr1,mpn1,partnumber2,84000,0.03749
20131128,source1,mfr1,mpn1,partnumber1,86724,0.23
20131128,source1,mfr1,mpn1,partnumber3,86724,-1
20131129,source1,mfr1,mpn1,partnumber3,86724,-1
20131129,source1,mfr1,mpn1,partnumber1,86724,0.23
20131129,source1,mfr1,mpn1,partnumber2,84000,0.03749
20131130,source1,mfr1,mpn1,partnumber2,84000,0.03749
20131130,source1,mfr1,mpn1,partnumber1,86664,0.23
20131130,source1,mfr1,mpn1,partnumber3,86664,-1
20131201,source1,mfr1,mpn1,partnumber3,86664,-1
20131201,source1,mfr1,mpn1,partnumber1,86664,0.23
20131201,source1,mfr1,mpn1,partnumber2,84000,0.03749
20131205,source1,mfr1,mpn1,partnumber2,72000,0.03749
20131205,source1,mfr1,mpn1,partnumber1,74800,0.23
20131205,source1,mfr1,mpn1,partnumber3,74800,-1
20131206,source1,mfr1,mpn1,partnumber3,74710,-1
20131206,source1,mfr1,mpn1,partnumber1,74710,0.23
20131206,source1,mfr1,mpn1,partnumber2,72000,0.03749
20131208,source1,mfr1,mpn1,partnumber3,73740,-1
20131208,source1,mfr1,mpn1,partnumber1,73740,0.23
20131208,source1,mfr1,mpn1,partnumber2,69000,0.03749
20131209,source1,mfr1,mpn1,partnumber3,73740,-1
20131209,source1,mfr1,mpn1,partnumber1,73740,0.23
20131209,source1,mfr1,mpn1,partnumber2,69000,0.03749
20131210,source1,mfr1,mpn1,partnumber2,75000,0.03749
20131210,source1,mfr1,mpn1,partnumber1,78660,0.23
20131210,source1,mfr1,mpn1,partnumber3,78660,-1
20131211,source1,mfr1,mpn1,partnumber2,96000,0.03749
20131211,source1,mfr1,mpn1,partnumber1,99645,0.23
20131211,source1,mfr1,mpn1,partnumber3,99645,-1
20131212,source1,mfr1,mpn1,partnumber2,99000,0.03749
20131212,source1,mfr1,mpn1,partnumber1,102460,0.23
20131212,source1,mfr1,mpn1,partnumber3,102460,-1
20131213,source1,mfr1,mpn1,partnumber2,99000,0.03749
20131213,source1,mfr1,mpn1,partnumber1,102410,0.23
20131213,source1,mfr1,mpn1,partnumber3,102410,-1
20131214,source1,mfr1,mpn1,partnumber3,102000,-1
20131214,source1,mfr1,mpn1,partnumber1,102000,0.23
20131214,source1,mfr1,mpn1,partnumber2,99000,0.03749
20131215,source1,mfr1,mpn1,partnumber2,99000,0.03749
20131215,source1,mfr1,mpn1,partnumber1,102000,0.23
20131215,source1,mfr1,mpn1,partnumber3,102000,-1
20131216,source1,mfr1,mpn1,partnumber3,100200,-1
20131216,source1,mfr1,mpn1,partnumber1,100200,0.23
20131216,source1,mfr1,mpn1,partnumber2,99000,0.03749
20131218,source1,mfr1,mpn1,partnumber3,96739,-1
20131218,source1,mfr1,mpn1,partnumber1,96739,0.23
20131218,source1,mfr1,mpn1,partnumber2,93000,0.03749
20131220,source1,mfr1,mpn1,partnumber2,96000,0.03749
20131220,source1,mfr1,mpn1,partnumber1,99624,0.23
20131220,source1,mfr1,mpn1,partnumber3,99624,-1
20131221,source1,mfr1,mpn1,partnumber3,96194,-1
20131221,source1,mfr1,mpn1,partnumber1,96194,0.23
20131221,source1,mfr1,mpn1,partnumber2,93000,0.03749
20131222,source1,mfr1,mpn1,partnumber3,96194,-1
20131222,source1,mfr1,mpn1,partnumber1,96194,0.23
20131222,source1,mfr1,mpn1,partnumber2,93000,0.03749
20131223,source1,mfr1,mpn1,partnumber2,93000,0.03749
20131223,source1,mfr1,mpn1,partnumber1,96194,0.23
20131223,source1,mfr1,mpn1,partnumber3,96194,-1
20131224,source1,mfr1,mpn1,partnumber2,93000,0.03749
20131224,source1,mfr1,mpn1,partnumber1,96189,0.23
20131224,source1,mfr1,mpn1,partnumber3,96189,-1
20131225,source1,mfr1,mpn1,partnumber2,93000,0.03749
20131225,source1,mfr1,mpn1,partnumber1,95944,0.23
20131225,source1,mfr1,mpn1,partnumber3,95944,-1
20131226,source1,mfr1,mpn1,partnumber2,93000,0.03749
20131226,source1,mfr1,mpn1,partnumber1,95944,0.23
20131226,source1,mfr1,mpn1,partnumber3,95944,-1
20131227,source1,mfr1,mpn1,partnumber3,95694,-1
20131227,source1,mfr1,mpn1,partnumber1,95694,0.23
20131227,source1,mfr1,mpn1,partnumber2,93000,0.03749
20131228,source1,mfr1,mpn1,partnumber3,95594,-1
20131228,source1,mfr1,mpn1,partnumber1,95594,0.23
20131228,source1,mfr1,mpn1,partnumber2,93000,0.03749
20131229,source1,mfr1,mpn1,partnumber2,93000,0.03749
20131229,source1,mfr1,mpn1,partnumber1,95094,0.23
20131229,source1,mfr1,mpn1,partnumber3,95094,-1
20131231,source1,mfr1,mpn1,partnumber3,91469,-1
20131231,source1,mfr1,mpn1,partnumber1,91469,0.23
20131231,source1,mfr1,mpn1,partnumber2,87000,0.03749
20140101,source1,mfr1,mpn1,partnumber3,91319,-1
20140101,source1,mfr1,mpn1,partnumber1,91319,0.23
20140101,source1,mfr1,mpn1,partnumber2,87000,0.03749
20140102,source1,mfr1,mpn1,partnumber3,91319,-1
20140102,source1,mfr1,mpn1,partnumber1,91319,0.23
20140102,source1,mfr1,mpn1,partnumber2,87000,0.03749
20140103,source1,mfr1,mpn1,partnumber2,87000,0.03749
20140103,source1,mfr1,mpn1,partnumber1,90739,0.23
20140103,source1,mfr1,mpn1,partnumber3,90739,-1
20140104,source1,mfr1,mpn1,partnumber2,87000,0.03749
20140104,source1,mfr1,mpn1,partnumber1,90701,0.23
20140104,source1,mfr1,mpn1,partnumber3,90701,-1
20140105,source1,mfr1,mpn1,partnumber2,87000,0.03749
20140105,source1,mfr1,mpn1,partnumber1,90696,0.23
20140105,source1,mfr1,mpn1,partnumber3,90696,-1
20140106,source1,mfr1,mpn1,partnumber3,90696,-1
20140106,source1,mfr1,mpn1,partnumber1,90696,0.23
20140106,source1,mfr1,mpn1,partnumber2,87000,0.03749
20140107,source1,mfr1,mpn1,partnumber3,87601,-1
20140107,source1,mfr1,mpn1,partnumber1,87601,0.23
20140107,source1,mfr1,mpn1,partnumber2,84000,0.03749
20140108,source1,mfr1,mpn1,partnumber2,111000,0.03749
20140108,source1,mfr1,mpn1,partnumber1,114421,0.23
20140108,source1,mfr1,mpn1,partnumber3,114421,-1
20140109,source1,mfr1,mpn1,partnumber2,108000,0.03749
20140109,source1,mfr1,mpn1,partnumber1,111361,0.23
20140109,source1,mfr1,mpn1,partnumber3,111361,-1
20140110,source1,mfr1,mpn1,partnumber2,93000,0.03749
20140110,source1,mfr1,mpn1,partnumber1,96183,0.23
20140110,source1,mfr1,mpn1,partnumber3,99183,-1
20140111,source1,mfr1,mpn1,partnumber2,93000,0.03749
20140111,source1,mfr1,mpn1,partnumber1,93333,0.23
20140111,source1,mfr1,mpn1,partnumber3,93333,-1
20140112,source1,mfr1,mpn1,partnumber3,93333,-1
20140112,source1,mfr1,mpn1,partnumber1,93333,0.23
20140112,source1,mfr1,mpn1,partnumber2,93000,0.03749
20140113,source1,mfr1,mpn1,partnumber3,90945,-1
20140113,source1,mfr1,mpn1,partnumber1,90945,0.23
20140113,source1,mfr1,mpn1,partnumber2,90000,0.03749
20140114,source1,mfr1,mpn1,partnumber3,86945,-1
20140114,source1,mfr1,mpn1,partnumber1,86945,0.23
20140114,source1,mfr1,mpn1,partnumber2,84000,0.03749
20140115,source1,mfr1,mpn1,partnumber2,84000,0.03749
20140115,source1,mfr1,mpn1,partnumber1,84929,0.23
20140115,source1,mfr1,mpn1,partnumber3,84929,-1
20140116,source1,mfr1,mpn1,partnumber2,84000,0.03749
20140116,source1,mfr1,mpn1,partnumber1,84609,0.23
20140116,source1,mfr1,mpn1,partnumber3,84609,-1
20140117,source1,mfr1,mpn1,partnumber2,84000,0.03749
20140117,source1,mfr1,mpn1,partnumber1,84604,0.23
20140117,source1,mfr1,mpn1,partnumber3,84604,-1
20140118,source1,mfr1,mpn1,partnumber2,84000,0.03749
20140118,source1,mfr1,mpn1,partnumber1,84501,0.23
20140118,source1,mfr1,mpn1,partnumber3,84501,-1
20140119,source1,mfr1,mpn1,partnumber3,84501,-1
20140119,source1,mfr1,mpn1,partnumber1,84501,0.23
20140119,source1,mfr1,mpn1,partnumber2,84000,0.03749
20140120,source1,mfr1,mpn1,partnumber3,84401,-1
20140120,source1,mfr1,mpn1,partnumber1,84401,0.23
20140120,source1,mfr1,mpn1,partnumber2,84000,0.03749
20140121,source1,mfr1,mpn1,partnumber2,81000,0.03749
20140121,source1,mfr1,mpn1,partnumber1,84318,0.23
20140121,source1,mfr1,mpn1,partnumber3,81318,-1
20140122,source1,mfr1,mpn1,partnumber2,81000,0.03749
20140122,source1,mfr1,mpn1,partnumber1,83251,0.23
20140122,source1,mfr1,mpn1,partnumber3,83251,-1
20140123,source1,mfr1,mpn1,partnumber3,145735,-1
20140123,source1,mfr1,mpn1,partnumber1,145735,0.23
20140123,source1,mfr1,mpn1,partnumber2,144000,0.03749
20140124,source1,mfr1,mpn1,partnumber3,144003,-1
20140124,source1,mfr1,mpn1,partnumber1,144003,0.23
20140124,source1,mfr1,mpn1,partnumber2,144000,0.03749
20140126,source1,mfr1,mpn1,partnumber2,138000,0.03749
20140126,source1,mfr1,mpn1,partnumber1,143838,0.23
20140126,source1,mfr1,mpn1,partnumber3,143938,-1
20140127,source1,mfr1,mpn1,partnumber2,138000,0.03749
20140127,source1,mfr1,mpn1,partnumber1,143815,0.23
20140127,source1,mfr1,mpn1,partnumber3,143915,-1
20140128,source1,mfr1,mpn1,partnumber3,143606,-1
20140128,source1,mfr1,mpn1,partnumber1,143606,0.23
20140128,source1,mfr1,mpn1,partnumber2,138000,0.03749
20140129,source1,mfr1,mpn1,partnumber2,138000,0.03749
20140129,source1,mfr1,mpn1,partnumber1,143568,0.23
20140129,source1,mfr1,mpn1,partnumber3,143568,-1
20140131,source1,mfr1,mpn1,partnumber2,135000,0.03749
20140131,source1,mfr1,mpn1,partnumber1,140266,0.23
20140131,source1,mfr1,mpn1,partnumber3,140266,-1
20140202,source1,mfr1,mpn1,partnumber3,124960,-1
20140202,source1,mfr1,mpn1,partnumber1,124960,0.23
20140202,source1,mfr1,mpn1,partnumber2,120000,0.03749
20140203,source1,mfr1,mpn1,partnumber3,124960,-1
20140203,source1,mfr1,mpn1,partnumber1,124960,0.23
20140203,source1,mfr1,mpn1,partnumber2,120000,0.03749
20140204,source1,mfr1,mpn1,partnumber2,123000,0.03749
20140204,source1,mfr1,mpn1,partnumber1,127829,0.23
20140204,source1,mfr1,mpn1,partnumber3,127829,-1
20140205,source1,mfr1,mpn1,partnumber3,127814,-1
20140205,source1,mfr1,mpn1,partnumber1,127814,0.23
20140205,source1,mfr1,mpn1,partnumber2,123000,0.03749
20140206,source1,mfr1,mpn1,partnumber2,117000,0.03749
20140206,source1,mfr1,mpn1,partnumber1,124804,0.23
20140206,source1,mfr1,mpn1,partnumber3,124804,-1
20140211,source1,mfr1,mpn1,partnumber2,114000,0.03749
20140211,source1,mfr1,mpn1,partnumber1,116758,0.23
20140211,source1,mfr1,mpn1,partnumber3,116758,-1
20140212,source1,mfr1,mpn1,partnumber2,114000,0.03749
20140212,source1,mfr1,mpn1,partnumber1,116654,0.23
20140212,source1,mfr1,mpn1,partnumber3,116654,-1
20140213,source1,mfr1,mpn1,partnumber2,114000,0.03749
20140213,source1,mfr1,mpn1,partnumber1,116411,0.23
20140213,source1,mfr1,mpn1,partnumber3,116411,-1
20140214,source1,mfr1,mpn1,partnumber3,115611,-1
20140214,source1,mfr1,mpn1,partnumber1,115611,0.23
20140214,source1,mfr1,mpn1,partnumber2,114000,0.03749
20140215,source1,mfr1,mpn1,partnumber3,114539,-1
20140215,source1,mfr1,mpn1,partnumber1,114539,0.23
20140215,source1,mfr1,mpn1,partnumber2,114000,0.03749
20140216,source1,mfr1,mpn1,partnumber3,114539,-1
20140216,source1,mfr1,mpn1,partnumber1,114539,0.23
20140216,source1,mfr1,mpn1,partnumber2,114000,0.03749
20140217,source1,mfr1,mpn1,partnumber3,114539,-1
20140217,source1,mfr1,mpn1,partnumber1,114539,0.23
20140217,source1,mfr1,mpn1,partnumber2,114000,0.03749
20140220,source1,mfr1,mpn1,partnumber2,105000,0.03749
20140220,source1,mfr1,mpn1,partnumber1,107751,0.23
20140220,source1,mfr1,mpn1,partnumber3,107751,-1
20140221,source1,mfr1,mpn1,partnumber2,105000,0.03749
20140221,source1,mfr1,mpn1,partnumber1,107491,0.23
20140221,source1,mfr1,mpn1,partnumber3,107491,-1
20140223,source1,mfr1,mpn1,partnumber2,102000,0.03749
20140223,source1,mfr1,mpn1,partnumber1,104184,0.23
20140223,source1,mfr1,mpn1,partnumber3,104184,-1
20140224,source1,mfr1,mpn1,partnumber3,104309,-1
20140224,source1,mfr1,mpn1,partnumber1,104309,0.23
20140224,source1,mfr1,mpn1,partnumber2,102000,0.03749
20140225,source1,mfr1,mpn1,partnumber3,95208,-1
20140225,source1,mfr1,mpn1,partnumber1,95208,0.23
20140225,source1,mfr1,mpn1,partnumber2,93000,0.03749
20140226,source1,mfr1,mpn1,partnumber3,94908,-1
20140226,source1,mfr1,mpn1,partnumber1,94908,0.23
20140226,source1,mfr1,mpn1,partnumber2,93000,0.03749
20140227,source1,mfr1,mpn1,partnumber2,93000,0.03749
20140227,source1,mfr1,mpn1,partnumber1,94398,0.23
20140227,source1,mfr1,mpn1,partnumber3,94398,-1
20140228,source1,mfr1,mpn1,partnumber3,93453,-1
20140228,source1,mfr1,mpn1,partnumber1,93453,0.23
20140228,source1,mfr1,mpn1,partnumber2,90000,0.03749
20140301,source1,mfr1,mpn1,partnumber2,90000,0.03749
20140301,source1,mfr1,mpn1,partnumber1,92993,0.23
20140301,source1,mfr1,mpn1,partnumber3,92993,-1
20140302,source1,mfr1,mpn1,partnumber3,92993,-1
20140302,source1,mfr1,mpn1,partnumber1,92993,0.23
20140302,source1,mfr1,mpn1,partnumber2,90000,0.03749
20140303,source1,mfr1,mpn1,partnumber2,90000,0.03749
20140303,source1,mfr1,mpn1,partnumber1,92993,0.23
20140303,source1,mfr1,mpn1,partnumber3,92993,-1
20140304,source1,mfr1,mpn1,partnumber2,90000,0.03749
20140304,source1,mfr1,mpn1,partnumber1,92825,0.23
20140304,source1,mfr1,mpn1,partnumber3,86825,-1
20140305,source1,mfr1,mpn1,partnumber2,84000,0.03749
20140305,source1,mfr1,mpn1,partnumber1,86375,0.23
20140305,source1,mfr1,mpn1,partnumber3,86375,-1
20140306,source1,mfr1,mpn1,partnumber3,95375,-1
20140306,source1,mfr1,mpn1,partnumber1,95375,0.23
20140306,source1,mfr1,mpn1,partnumber2,93000,0.03749
20140307,source1,mfr1,mpn1,partnumber2,81000,0.03749
20140307,source1,mfr1,mpn1,partnumber1,83375,0.23
20140307,source1,mfr1,mpn1,partnumber3,83375,-1
20140308,source1,mfr1,mpn1,partnumber3,79770,-1
20140308,source1,mfr1,mpn1,partnumber1,79770,0.23
20140308,source1,mfr1,mpn1,partnumber2,75000,0.03749
20140309,source1,mfr1,mpn1,partnumber3,79770,-1
20140309,source1,mfr1,mpn1,partnumber1,79770,0.23
20140309,source1,mfr1,mpn1,partnumber2,75000,0.03749
20140310,source1,mfr1,mpn1,partnumber3,79754,-1
20140310,source1,mfr1,mpn1,partnumber1,79754,0.23
20140310,source1,mfr1,mpn1,partnumber2,75000,0.03749
20140311,source1,mfr1,mpn1,partnumber2,75000,0.03749
20140311,source1,mfr1,mpn1,partnumber1,79332,0.23
20140311,source1,mfr1,mpn1,partnumber3,79332,-1
20140312,source1,mfr1,mpn1,partnumber3,75546,-1
20140312,source1,mfr1,mpn1,partnumber1,75546,0.23
20140312,source1,mfr1,mpn1,partnumber2,72000,0.03749
20140313,source1,mfr1,mpn1,partnumber2,72000,0.03749
20140313,source1,mfr1,mpn1,partnumber1,75066,0.23
20140313,source1,mfr1,mpn1,partnumber3,75066,-1
20140314,source1,mfr1,mpn1,partnumber3,74355,-1
20140314,source1,mfr1,mpn1,partnumber1,74355,0.23
20140314,source1,mfr1,mpn1,partnumber2,72000,0.03749
20140315,source1,mfr1,mpn1,partnumber3,70925,-1
20140315,source1,mfr1,mpn1,partnumber1,70925,0.23
20140315,source1,mfr1,mpn1,partnumber2,66000,0.03749
20140318,source1,mfr1,mpn1,partnumber3,70212,-1
20140318,source1,mfr1,mpn1,partnumber1,70212,0.23
20140318,source1,mfr1,mpn1,partnumber2,66000,0.03749
20140319,source1,mfr1,mpn1,partnumber3,70162,-1
20140319,source1,mfr1,mpn1,partnumber1,70162,0.23
20140319,source1,mfr1,mpn1,partnumber2,66000,0.03749
20140320,source1,mfr1,mpn1,partnumber2,66000,0.03749
20140320,source1,mfr1,mpn1,partnumber1,69796,0.23
20140320,source1,mfr1,mpn1,partnumber3,69896,-1
20140321,source1,mfr1,mpn1,partnumber2,66000,0.03749
20140321,source1,mfr1,mpn1,partnumber1,68272,0.23
20140321,source1,mfr1,mpn1,partnumber3,68272,-1
20140322,source1,mfr1,mpn1,partnumber2,66000,0.03749
20140322,source1,mfr1,mpn1,partnumber1,68183,0.23
20140322,source1,mfr1,mpn1,partnumber3,68183,-1
20140323,source1,mfr1,mpn1,partnumber3,68183,-1
20140323,source1,mfr1,mpn1,partnumber1,68183,0.23
20140323,source1,mfr1,mpn1,partnumber2,66000,0.03749
20140324,source1,mfr1,mpn1,partnumber2,66000,0.03749
20140324,source1,mfr1,mpn1,partnumber1,68183,0.23
20140324,source1,mfr1,mpn1,partnumber3,68183,-1
20140326,source1,mfr1,mpn1,partnumber2,75000,0.03749
20140326,source1,mfr1,mpn1,partnumber1,78273,0.23
20140326,source1,mfr1,mpn1,partnumber3,78273,-1
20140327,source1,mfr1,mpn1,partnumber2,120000,0.03749
20140327,source1,mfr1,mpn1,partnumber1,122066,0.23
20140327,source1,mfr1,mpn1,partnumber3,122066,-1
20140328,source1,mfr1,mpn1,partnumber3,119052,-1
20140328,source1,mfr1,mpn1,partnumber1,119052,0.23
20140328,source1,mfr1,mpn1,partnumber2,117000,0.03749
20140329,source1,mfr1,mpn1,partnumber2,114000,0.03749
20140329,source1,mfr1,mpn1,partnumber1,118457,0.23
20140329,source1,mfr1,mpn1,partnumber3,118457,-1
20140330,source1,mfr1,mpn1,partnumber2,114000,0.03749
20140330,source1,mfr1,mpn1,partnumber1,118457,0.23
20140330,source1,mfr1,mpn1,partnumber3,118457,-1
20140331,source1,mfr1,mpn1,partnumber3,118457,-1
20140331,source1,mfr1,mpn1,partnumber1,118457,0.23
20140331,source1,mfr1,mpn1,partnumber2,114000,0.03749
20140401,source1,mfr1,mpn1,partnumber3,103447,-1
20140401,source1,mfr1,mpn1,partnumber1,103410,0.23
20140401,source1,mfr1,mpn1,partnumber2,99000,0.03749
20140402,source1,mfr1,mpn1,partnumber2,99000,0.03749
20140402,source1,mfr1,mpn1,partnumber1,102865,0.23
20140402,source1,mfr1,mpn1,partnumber3,102865,-1
20140403,source1,mfr1,mpn1,partnumber3,93720,-1
20140403,source1,mfr1,mpn1,partnumber1,93720,0.23
20140403,source1,mfr1,mpn1,partnumber2,90000,0.03749
20140404,source1,mfr1,mpn1,partnumber3,81575,-1
20140404,source1,mfr1,mpn1,partnumber1,81575,0.23
20140404,source1,mfr1,mpn1,partnumber2,78000,0.03749
20140405,source1,mfr1,mpn1,partnumber3,81438,-1
20140405,source1,mfr1,mpn1,partnumber1,81438,0.23
20140405,source1,mfr1,mpn1,partnumber2,78000,0.03749
20140406,source1,mfr1,mpn1,partnumber2,78000,0.03749
20140406,source1,mfr1,mpn1,partnumber1,81438,0.23
20140406,source1,mfr1,mpn1,partnumber3,81438,-1
20140407,source1,mfr1,mpn1,partnumber2,78000,0.03749
20140407,source1,mfr1,mpn1,partnumber1,81438,0.23
20140407,source1,mfr1,mpn1,partnumber3,81438,-1
20140408,source1,mfr1,mpn1,partnumber3,69433,-1
20140408,source1,mfr1,mpn1,partnumber1,69433,0.23
20140408,source1,mfr1,mpn1,partnumber2,66000,0.03749
20140409,source1,mfr1,mpn1,partnumber2,60000,0.03749
20140409,source1,mfr1,mpn1,partnumber1,62833,0.23
20140409,source1,mfr1,mpn1,partnumber3,62833,-1
20140410,source1,mfr1,mpn1,partnumber2,60000,0.03749
20140410,source1,mfr1,mpn1,partnumber1,62803,0.23
20140410,source1,mfr1,mpn1,partnumber3,62803,-1
20140411,source1,mfr1,mpn1,partnumber2,60000,0.03749
20140411,source1,mfr1,mpn1,partnumber1,62774,0.23
20140411,source1,mfr1,mpn1,partnumber3,62774,-1
20140412,source1,mfr1,mpn1,partnumber3,57799,-1
20140412,source1,mfr1,mpn1,partnumber1,57799,0.23
20140412,source1,mfr1,mpn1,partnumber2,54000,0.03749
20140413,source1,mfr1,mpn1,partnumber2,54000,0.03749
20140413,source1,mfr1,mpn1,partnumber1,57295,0.23
20140413,source1,mfr1,mpn1,partnumber3,57295,-1
20140414,source1,mfr1,mpn1,partnumber2,54000,0.03749
20140414,source1,mfr1,mpn1,partnumber1,57291,0.23
20140414,source1,mfr1,mpn1,partnumber3,57291,-1
20140416,source1,mfr1,mpn1,partnumber3,51685,-1
20140416,source1,mfr1,mpn1,partnumber1,51685,0.23
20140416,source1,mfr1,mpn1,partnumber2,48000,0.03749
20140417,source1,mfr1,mpn1,partnumber3,51315,-1
20140417,source1,mfr1,mpn1,partnumber1,51315,0.23
20140417,source1,mfr1,mpn1,partnumber2,48000,0.03749
20140418,source1,mfr1,mpn1,partnumber3,51049,-1
20140418,source1,mfr1,mpn1,partnumber1,51049,0.23
20140418,source1,mfr1,mpn1,partnumber2,48000,0.03749
20140419,source1,mfr1,mpn1,partnumber2,39000,0.03749
20140419,source1,mfr1,mpn1,partnumber1,41714,0.23
20140419,source1,mfr1,mpn1,partnumber3,41714,-1
20140420,source1,mfr1,mpn1,partnumber3,41714,-1
20140420,source1,mfr1,mpn1,partnumber1,41714,0.23
20140420,source1,mfr1,mpn1,partnumber2,39000,0.03749
20140421,source1,mfr1,mpn1,partnumber3,41714,-1
20140421,source1,mfr1,mpn1,partnumber1,41714,0.23
20140421,source1,mfr1,mpn1,partnumber2,39000,0.03749
20140422,source1,mfr1,mpn1,partnumber2,36000,0.03749
20140422,source1,mfr1,mpn1,partnumber1,38650,0.23
20140422,source1,mfr1,mpn1,partnumber3,38650,-1
20140423,source1,mfr1,mpn1,partnumber2,30000,0.03749
20140423,source1,mfr1,mpn1,partnumber1,34655,0.23
20140423,source1,mfr1,mpn1,partnumber3,34655,-1
20140424,source1,mfr1,mpn1,partnumber2,30000,0.03749
20140424,source1,mfr1,mpn1,partnumber1,34555,0.23
20140424,source1,mfr1,mpn1,partnumber3,34555,-1
20140425,source1,mfr1,mpn1,partnumber2,30000,0.03749
20140425,source1,mfr1,mpn1,partnumber1,34205,0.23
20140425,source1,mfr1,mpn1,partnumber3,34205,-1
20140427,source1,mfr1,mpn1,partnumber3,22193,-1
20140427,source1,mfr1,mpn1,partnumber1,22193,0.23
20140427,source1,mfr1,mpn1,partnumber2,18000,0.03749
20140428,source1,mfr1,mpn1,partnumber3,22153,-1
20140428,source1,mfr1,mpn1,partnumber1,22153,0.23
20140428,source1,mfr1,mpn1,partnumber2,18000,0.03749
20140429,source1,mfr1,mpn1,partnumber3,24667,-1
20140429,source1,mfr1,mpn1,partnumber1,24667,0.23
20140429,source1,mfr1,mpn1,partnumber2,21000,0.03749
20140430,source1,mfr1,mpn1,partnumber3,24280,-1
20140430,source1,mfr1,mpn1,partnumber1,24280,0.23
20140430,source1,mfr1,mpn1,partnumber2,21000,0.03749
20140501,source1,mfr1,mpn1,partnumber2,21000,0.03749
20140501,source1,mfr1,mpn1,partnumber1,23826,0.23
20140501,source1,mfr1,mpn1,partnumber3,23791,-1
20140502,source1,mfr1,mpn1,partnumber2,21000,0.03749
20140502,source1,mfr1,mpn1,partnumber1,23611,0.23
20140502,source1,mfr1,mpn1,partnumber3,23611,-1
20140503,source1,mfr1,mpn1,partnumber2,33000,0.03749
20140503,source1,mfr1,mpn1,partnumber1,35356,0.23
20140503,source1,mfr1,mpn1,partnumber3,35356,-1
20140504,source1,mfr1,mpn1,partnumber2,33000,0.03749
20140504,source1,mfr1,mpn1,partnumber1,35356,0.23
20140504,source1,mfr1,mpn1,partnumber3,35356,-1
20140505,source1,mfr1,mpn1,partnumber3,35356,-1
20140505,source1,mfr1,mpn1,partnumber1,35356,0.23
20140505,source1,mfr1,mpn1,partnumber2,33000,0.03749
20140506,source1,mfr1,mpn1,partnumber2,33000,0.03749
20140506,source1,mfr1,mpn1,partnumber1,35246,0.23
20140506,source1,mfr1,mpn1,partnumber3,35246,-1
20140507,source1,mfr1,mpn1,partnumber3,77186,-1
20140507,source1,mfr1,mpn1,partnumber1,77186,0.23
20140507,source1,mfr1,mpn1,partnumber2,75000,0.03749
20140508,source1,mfr1,mpn1,partnumber3,188071,-1
20140508,source1,mfr1,mpn1,partnumber1,188071,0.23
20140508,source1,mfr1,mpn1,partnumber2,186000,0.03749
20140509,source1,mfr1,mpn1,partnumber3,187943,-1
20140509,source1,mfr1,mpn1,partnumber1,187943,0.23
20140509,source1,mfr1,mpn1,partnumber2,183000,0.03749
20140510,source1,mfr1,mpn1,partnumber3,187735,-1
20140510,source1,mfr1,mpn1,partnumber1,187735,0.23
20140510,source1,mfr1,mpn1,partnumber2,183000,0.03749
20140511,source1,mfr1,mpn1,partnumber2,183000,0.03749
20140511,source1,mfr1,mpn1,partnumber1,187735,0.23
20140511,source1,mfr1,mpn1,partnumber3,187735,-1
20140512,source1,mfr1,mpn1,partnumber3,187735,-1
20140512,source1,mfr1,mpn1,partnumber1,187735,0.23
20140512,source1,mfr1,mpn1,partnumber2,183000,0.03749
20140513,source1,mfr1,mpn1,partnumber2,183000,0.03749
20140513,source1,mfr1,mpn1,partnumber1,186234,0.23
20140513,source1,mfr1,mpn1,partnumber3,186234,-1
20140514,source1,mfr1,mpn1,partnumber3,185160,-1
20140514,source1,mfr1,mpn1,partnumber1,185160,0.23
20140514,source1,mfr1,mpn1,partnumber2,183000,0.03749
20140515,source1,mfr1,mpn1,partnumber3,185036,-1
20140515,source1,mfr1,mpn1,partnumber1,185036,0.23
20140515,source1,mfr1,mpn1,partnumber2,180000,0.03749
20140516,source1,mfr1,mpn1,partnumber2,180000,0.03749
20140516,source1,mfr1,mpn1,partnumber1,185444,0.23
20140516,source1,mfr1,mpn1,partnumber3,185444,-1
20140517,source1,mfr1,mpn1,partnumber2,180000,0.03749
20140517,source1,mfr1,mpn1,partnumber1,184839,0.23
20140517,source1,mfr1,mpn1,partnumber3,184839,-1
20140518,source1,mfr1,mpn1,partnumber2,180000,0.03749
20140518,source1,mfr1,mpn1,partnumber1,184839,0.23
20140518,source1,mfr1,mpn1,partnumber3,184839,-1
20140519,source1,mfr1,mpn1,partnumber3,184839,-1
20140519,source1,mfr1,mpn1,partnumber1,184839,0.23
20140519,source1,mfr1,mpn1,partnumber2,180000,0.03749
20140520,source1,mfr1,mpn1,partnumber2,180000,0.03749
20140520,source1,mfr1,mpn1,partnumber1,184121,0.23
20140520,source1,mfr1,mpn1,partnumber3,184121,-1
20140521,source1,mfr1,mpn1,partnumber3,183959,-1
20140521,source1,mfr1,mpn1,partnumber1,183959,0.23
20140521,source1,mfr1,mpn1,partnumber2,180000,0.03749
20140522,source1,mfr1,mpn1,partnumber2,180000,0.03749
20140522,source1,mfr1,mpn1,partnumber1,182939,0.23
20140522,source1,mfr1,mpn1,partnumber3,182939,-1
20140523,source1,mfr1,mpn1,partnumber2,180000,0.03749
20140523,source1,mfr1,mpn1,partnumber1,182919,0.23
20140523,source1,mfr1,mpn1,partnumber3,182919,-1
20140524,source1,mfr1,mpn1,partnumber2,180000,0.03749
20140524,source1,mfr1,mpn1,partnumber1,182139,0.23
20140524,source1,mfr1,mpn1,partnumber3,182139,-1
20140525,source1,mfr1,mpn1,partnumber3,182139,-1
20140525,source1,mfr1,mpn1,partnumber1,182139,0.23
20140525,source1,mfr1,mpn1,partnumber2,180000,0.03749
20140526,source1,mfr1,mpn1,partnumber3,182139,-1
20140526,source1,mfr1,mpn1,partnumber1,182139,0.23
20140526,source1,mfr1,mpn1,partnumber2,180000,0.03749
20140527,source1,mfr1,mpn1,partnumber3,178631,-1
20140527,source1,mfr1,mpn1,partnumber1,178631,0.23
20140527,source1,mfr1,mpn1,partnumber2,174000,0.03749
20140528,source1,mfr1,mpn1,partnumber2,174000,0.03749
20140528,source1,mfr1,mpn1,partnumber1,178331,0.23
20140528,source1,mfr1,mpn1,partnumber3,178331,-1
20140529,source1,mfr1,mpn1,partnumber2,174000,0.03749
20140529,source1,mfr1,mpn1,partnumber1,178271,0.23
20140529,source1,mfr1,mpn1,partnumber3,178271,-1
20140530,source1,mfr1,mpn1,partnumber2,174000,0.03749
20140530,source1,mfr1,mpn1,partnumber1,178271,0.23
20140530,source1,mfr1,mpn1,partnumber3,178271,-1
20140531,source1,mfr1,mpn1,partnumber3,178166,-1
20140531,source1,mfr1,mpn1,partnumber1,178166,0.23
20140531,source1,mfr1,mpn1,partnumber2,174000,0.03749
20140601,source1,mfr1,mpn1,partnumber3,178166,-1
20140601,source1,mfr1,mpn1,partnumber1,178166,0.23
20140601,source1,mfr1,mpn1,partnumber2,174000,0.03749
20140602,source1,mfr1,mpn1,partnumber3,175166,-1
20140602,source1,mfr1,mpn1,partnumber1,175166,0.23
20140602,source1,mfr1,mpn1,partnumber2,171000,0.03749
20140603,source1,mfr1,mpn1,partnumber2,174000,0.03749
20140603,source1,mfr1,mpn1,partnumber1,177666,0.23
20140603,source1,mfr1,mpn1,partnumber3,177666,-1
20140604,source1,mfr1,mpn1,partnumber2,174000,0.03749
20140604,source1,mfr1,mpn1,partnumber1,175726,0.23
20140604,source1,mfr1,mpn1,partnumber3,175726,-1
20140605,source1,mfr1,mpn1,partnumber2,174000,0.03749
20140605,source1,mfr1,mpn1,partnumber1,175523,0.23
20140605,source1,mfr1,mpn1,partnumber3,175523,-1
20140606,source1,mfr1,mpn1,partnumber2,174000,0.03749
20140606,source1,mfr1,mpn1,partnumber1,175478,0.23
20140606,source1,mfr1,mpn1,partnumber3,175478,-1
20140608,source1,mfr1,mpn1,partnumber3,174593,-1
20140608,source1,mfr1,mpn1,partnumber1,174593,0.23
20140608,source1,mfr1,mpn1,partnumber2,171000,0.03749
20140609,source1,mfr1,mpn1,partnumber3,174589,-1
20140609,source1,mfr1,mpn1,partnumber1,174589,0.23
20140609,source1,mfr1,mpn1,partnumber2,171000,0.03749
20140610,source1,mfr1,mpn1,partnumber2,171000,0.03749
20140610,source1,mfr1,mpn1,partnumber1,174064,0.23
20140610,source1,mfr1,mpn1,partnumber3,174064,-1
20140611,source1,mfr1,mpn1,partnumber2,171000,0.03749
20140611,source1,mfr1,mpn1,partnumber1,173464,0.23
20140611,source1,mfr1,mpn1,partnumber3,173464,-1
20140612,source1,mfr1,mpn1,partnumber2,171000,0.03749
20140612,source1,mfr1,mpn1,partnumber1,173332,0.23
20140612,source1,mfr1,mpn1,partnumber3,173332,-1
20140613,source1,mfr1,mpn1,partnumber2,171000,0.03749
20140613,source1,mfr1,mpn1,partnumber1,173256,0.23
20140613,source1,mfr1,mpn1,partnumber3,173256,-1
20140614,source1,mfr1,mpn1,partnumber3,171696,-1
20140614,source1,mfr1,mpn1,partnumber1,171696,0.23
20140614,source1,mfr1,mpn1,partnumber2,171000,0.03749
20140615,source1,mfr1,mpn1,partnumber2,171000,0.03749
20140615,source1,mfr1,mpn1,partnumber1,171571,0.23
20140615,source1,mfr1,mpn1,partnumber3,171571,-1
20140616,source1,mfr1,mpn1,partnumber2,171000,0.03749
20140616,source1,mfr1,mpn1,partnumber1,171551,0.23
20140616,source1,mfr1,mpn1,partnumber3,171551,-1
20140617,source1,mfr1,mpn1,partnumber3,172599,-1
20140617,source1,mfr1,mpn1,partnumber1,172599,0.23
20140617,source1,mfr1,mpn1,partnumber2,171000,0.03749
20140618,source1,mfr1,mpn1,partnumber3,172229,-1
20140618,source1,mfr1,mpn1,partnumber1,172229,0.23
20140618,source1,mfr1,mpn1,partnumber2,171000,0.03749
20140619,source1,mfr1,mpn1,partnumber3,168397,-1
20140619,source1,mfr1,mpn1,partnumber1,168397,0.23
20140619,source1,mfr1,mpn1,partnumber2,165000,0.03749
20140620,source1,mfr1,mpn1,partnumber3,166763,-1
20140620,source1,mfr1,mpn1,partnumber1,166763,0.23
20140620,source1,mfr1,mpn1,partnumber2,165000,0.03749
20140621,source1,mfr1,mpn1,partnumber2,162000,0.03749
20140621,source1,mfr1,mpn1,partnumber1,163658,0.23
20140621,source1,mfr1,mpn1,partnumber3,163658,-1
20140622,source1,mfr1,mpn1,partnumber2,162000,0.03749
20140622,source1,mfr1,mpn1,partnumber1,163658,0.23
20140622,source1,mfr1,mpn1,partnumber3,163658,-1
20140623,source1,mfr1,mpn1,partnumber3,163658,-1
20140623,source1,mfr1,mpn1,partnumber1,163658,0.23
20140623,source1,mfr1,mpn1,partnumber2,162000,0.03749
20140624,source1,mfr1,mpn1,partnumber3,163258,-1
20140624,source1,mfr1,mpn1,partnumber1,163258,0.23
20140624,source1,mfr1,mpn1,partnumber2,162000,0.03749
20140625,source1,mfr1,mpn1,partnumber3,162726,-1
20140625,source1,mfr1,mpn1,partnumber1,162726,0.23
20140625,source1,mfr1,mpn1,partnumber2,162000,0.03749
20140626,source1,mfr1,mpn1,partnumber2,159000,0.03749
20140626,source1,mfr1,mpn1,partnumber1,162606,0.23
20140626,source1,mfr1,mpn1,partnumber3,162606,-1
20140627,source1,mfr1,mpn1,partnumber2,159000,0.03749
20140627,source1,mfr1,mpn1,partnumber1,162502,0.23
20140627,source1,mfr1,mpn1,partnumber3,162502,-1
20140628,source1,mfr1,mpn1,partnumber2,159000,0.03749
20140628,source1,mfr1,mpn1,partnumber1,162076,0.23
20140628,source1,mfr1,mpn1,partnumber3,162076,-1
20140629,source1,mfr1,mpn1,partnumber3,162076,-1
20140629,source1,mfr1,mpn1,partnumber1,162076,0.23
20140629,source1,mfr1,mpn1,partnumber2,159000,0.03749
20140630,source1,mfr1,mpn1,partnumber2,159000,0.03749
20140630,source1,mfr1,mpn1,partnumber1,162076,0.23
20140630,source1,mfr1,mpn1,partnumber3,162076,-1
20140701,source1,mfr1,mpn1,partnumber2,159000,0.03749
20140701,source1,mfr1,mpn1,partnumber1,161843,0.23
20140701,source1,mfr1,mpn1,partnumber3,161843,-1
20140702,source1,mfr1,mpn1,partnumber3,158693,-1
20140702,source1,mfr1,mpn1,partnumber1,158693,0.23
20140702,source1,mfr1,mpn1,partnumber2,156000,0.03749
20140703,source1,mfr1,mpn1,partnumber3,157622,-1
20140703,source1,mfr1,mpn1,partnumber1,157622,0.23
20140703,source1,mfr1,mpn1,partnumber2,156000,0.03749
20140704,source1,mfr1,mpn1,partnumber2,186000,0.03749
20140704,source1,mfr1,mpn1,partnumber1,187582,0.23
20140704,source1,mfr1,mpn1,partnumber3,187582,-1
20140706,source1,mfr1,mpn1,partnumber3,184462,-1
20140706,source1,mfr1,mpn1,partnumber1,184462,0.23
20140706,source1,mfr1,mpn1,partnumber2,183000,0.03749
20140707,source1,mfr1,mpn1,partnumber3,184462,-1
20140707,source1,mfr1,mpn1,partnumber1,184462,0.23
20140707,source1,mfr1,mpn1,partnumber2,183000,0.03749
20140708,source1,mfr1,mpn1,partnumber2,180000,0.03749
20140708,source1,mfr1,mpn1,partnumber1,184191,0.23
20140708,source1,mfr1,mpn1,partnumber3,184191,-1
20140709,source1,mfr1,mpn1,partnumber2,180000,0.03749
20140709,source1,mfr1,mpn1,partnumber1,184290,0.23
20140709,source1,mfr1,mpn1,partnumber3,184290,-1
20140710,source1,mfr1,mpn1,partnumber3,184119,-1
20140710,source1,mfr1,mpn1,partnumber1,184119,0.23
20140710,source1,mfr1,mpn1,partnumber2,180000,0.03749
20140711,source1,mfr1,mpn1,partnumber2,180000,0.03749
20140711,source1,mfr1,mpn1,partnumber1,184099,0.23
20140711,source1,mfr1,mpn1,partnumber3,184099,-1
20140712,source1,mfr1,mpn1,partnumber3,183904,-1
20140712,source1,mfr1,mpn1,partnumber1,183904,0.23
20140712,source1,mfr1,mpn1,partnumber2,180000,0.03749
20140713,source1,mfr1,mpn1,partnumber3,183475,-1
20140713,source1,mfr1,mpn1,partnumber1,183475,0.23
20140713,source1,mfr1,mpn1,partnumber2,180000,0.03749
20140714,source1,mfr1,mpn1,partnumber2,180000,0.03749
20140714,source1,mfr1,mpn1,partnumber1,183475,0.23
20140714,source1,mfr1,mpn1,partnumber3,183475,-1
20140715,source1,mfr1,mpn1,partnumber3,180620,-1
20140715,source1,mfr1,mpn1,partnumber1,180620,0.23
20140715,source1,mfr1,mpn1,partnumber2,177000,0.03749
20140716,source1,mfr1,mpn1,partnumber3,177005,-1
20140716,source1,mfr1,mpn1,partnumber1,177005,0.23
20140716,source1,mfr1,mpn1,partnumber2,174000,0.03749
20140717,source1,mfr1,mpn1,partnumber3,176978,-1
20140717,source1,mfr1,mpn1,partnumber1,176978,0.23
20140717,source1,mfr1,mpn1,partnumber2,174000,0.03749
20140718,source1,mfr1,mpn1,partnumber3,173588,-1
20140718,source1,mfr1,mpn1,partnumber1,173588,0.23
20140718,source1,mfr1,mpn1,partnumber2,171000,0.03749
20140719,source1,mfr1,mpn1,partnumber2,171000,0.03749
20140719,source1,mfr1,mpn1,partnumber1,173438,0.23
20140719,source1,mfr1,mpn1,partnumber3,173438,-1
20140720,source1,mfr1,mpn1,partnumber3,173388,-1
20140720,source1,mfr1,mpn1,partnumber1,173388,0.23
20140720,source1,mfr1,mpn1,partnumber2,171000,0.03749
20140721,source1,mfr1,mpn1,partnumber2,171000,0.03749
20140721,source1,mfr1,mpn1,partnumber1,173388,0.23
20140721,source1,mfr1,mpn1,partnumber3,173388,-1
20140722,source1,mfr1,mpn1,partnumber3,173336,-1
20140722,source1,mfr1,mpn1,partnumber1,173236,0.23
20140722,source1,mfr1,mpn1,partnumber2,171000,0.03749
20140723,source1,mfr1,mpn1,partnumber2,168000,0.03749
20140723,source1,mfr1,mpn1,partnumber1,169718,0.23
20140723,source1,mfr1,mpn1,partnumber3,169718,-1
20140724,source1,mfr1,mpn1,partnumber3,169661,-1
20140724,source1,mfr1,mpn1,partnumber1,169661,0.23
20140724,source1,mfr1,mpn1,partnumber2,168000,0.03749
20140725,source1,mfr1,mpn1,partnumber2,165000,0.03749
20140725,source1,mfr1,mpn1,partnumber1,166241,0.23
20140725,source1,mfr1,mpn1,partnumber3,166241,-1
20140726,source1,mfr1,mpn1,partnumber2,168000,0.03749
20140726,source1,mfr1,mpn1,partnumber1,169210,0.23
20140726,source1,mfr1,mpn1,partnumber3,169210,-1
20140727,source1,mfr1,mpn1,partnumber3,169210,-1
20140727,source1,mfr1,mpn1,partnumber1,169180,0.23
20140727,source1,mfr1,mpn1,partnumber2,168000,0.03749
20140728,source1,mfr1,mpn1,partnumber2,168000,0.03749
20140728,source1,mfr1,mpn1,partnumber1,169180,0.23
20140728,source1,mfr1,mpn1,partnumber3,169180,-1
20140729,source1,mfr1,mpn1,partnumber3,169130,-1
20140729,source1,mfr1,mpn1,partnumber1,169130,0.23
20140729,source1,mfr1,mpn1,partnumber2,165000,0.03749
20140730,source1,mfr1,mpn1,partnumber2,165000,0.03749
20140730,source1,mfr1,mpn1,partnumber1,168815,0.23
20140730,source1,mfr1,mpn1,partnumber3,168840,-1
20140731,source1,mfr1,mpn1,partnumber2,165000,0.03749
20140731,source1,mfr1,mpn1,partnumber1,168705,0.23
20140731,source1,mfr1,mpn1,partnumber3,168705,-1
20140801,source1,mfr1,mpn1,partnumber3,168573,-1
20140801,source1,mfr1,mpn1,partnumber1,168573,0.23
20140801,source1,mfr1,mpn1,partnumber2,165000,0.03749
20140802,source1,mfr1,mpn1,partnumber3,164664,-1
20140802,source1,mfr1,mpn1,partnumber1,164664,0.23
20140802,source1,mfr1,mpn1,partnumber2,162000,0.03749
20140803,source1,mfr1,mpn1,partnumber3,164664,-1
20140803,source1,mfr1,mpn1,partnumber1,164664,0.23
20140803,source1,mfr1,mpn1,partnumber2,162000,0.03749
20140804,source1,mfr1,mpn1,partnumber2,162000,0.03749
20140804,source1,mfr1,mpn1,partnumber1,164639,0.23
20140804,source1,mfr1,mpn1,partnumber3,164639,-1
20140805,source1,mfr1,mpn1,partnumber3,155474,-1
20140805,source1,mfr1,mpn1,partnumber1,155474,0.23
20140805,source1,mfr1,mpn1,partnumber2,153000,0.03749
20140806,source1,mfr1,mpn1,partnumber3,155436,-1
20140806,source1,mfr1,mpn1,partnumber1,155436,0.23
20140806,source1,mfr1,mpn1,partnumber2,153000,0.03749
20140807,source1,mfr1,mpn1,partnumber2,153000,0.03749
20140807,source1,mfr1,mpn1,partnumber1,154716,0.23
20140807,source1,mfr1,mpn1,partnumber3,154716,-1
20140808,source1,mfr1,mpn1,partnumber3,150643,-1
20140808,source1,mfr1,mpn1,partnumber1,150643,0.23
20140808,source1,mfr1,mpn1,partnumber2,150000,0.03749
20140809,source1,mfr1,mpn1,partnumber2,147000,0.03749
20140809,source1,mfr1,mpn1,partnumber1,150643,0.23
20140809,source1,mfr1,mpn1,partnumber3,150643,-1
20140810,source1,mfr1,mpn1,partnumber2,147000,0.03749
20140810,source1,mfr1,mpn1,partnumber1,150493,0.23
20140810,source1,mfr1,mpn1,partnumber3,150493,-1
20140811,source1,mfr1,mpn1,partnumber2,147000,0.03749
20140811,source1,mfr1,mpn1,partnumber1,150483,0.23
20140811,source1,mfr1,mpn1,partnumber3,150483,-1
20140812,source1,mfr1,mpn1,partnumber2,147000,0.03749
20140812,source1,mfr1,mpn1,partnumber1,149211,0.23
20140812,source1,mfr1,mpn1,partnumber3,149211,-1
20140813,source1,mfr1,mpn1,partnumber3,151431,-1
20140813,source1,mfr1,mpn1,partnumber1,151431,0.23
20140813,source1,mfr1,mpn1,partnumber2,147000,0.03749
20140814,source1,mfr1,mpn1,partnumber2,147000,0.03749
20140814,source1,mfr1,mpn1,partnumber1,151306,0.23
20140814,source1,mfr1,mpn1,partnumber3,151306,-1
20140815,source1,mfr1,mpn1,partnumber3,151060,-1
20140815,source1,mfr1,mpn1,partnumber1,151060,0.23
20140815,source1,mfr1,mpn1,partnumber2,147000,0.03749
20140816,source1,mfr1,mpn1,partnumber3,150935,-1
20140816,source1,mfr1,mpn1,partnumber1,150935,0.23
20140816,source1,mfr1,mpn1,partnumber2,147000,0.03749
20140817,source1,mfr1,mpn1,partnumber2,147000,0.03749
20140817,source1,mfr1,mpn1,partnumber1,150935,0.23
20140817,source1,mfr1,mpn1,partnumber3,150935,-1
20140818,source1,mfr1,mpn1,partnumber3,150880,-1
20140818,source1,mfr1,mpn1,partnumber1,150880,0.23
20140818,source1,mfr1,mpn1,partnumber2,147000,0.03749
20140819,source1,mfr1,mpn1,partnumber2,147000,0.03749
20140819,source1,mfr1,mpn1,partnumber1,150860,0.23
20140819,source1,mfr1,mpn1,partnumber3,150860,-1
20140820,source1,mfr1,mpn1,partnumber2,141000,0.03749
20140820,source1,mfr1,mpn1,partnumber1,144705,0.23
20140820,source1,mfr1,mpn1,partnumber3,144705,-1
20140821,source1,mfr1,mpn1,partnumber3,144678,-1
20140821,source1,mfr1,mpn1,partnumber1,144653,0.23
20140821,source1,mfr1,mpn1,partnumber2,141000,0.03749
20140822,source1,mfr1,mpn1,partnumber3,144488,-1
20140822,source1,mfr1,mpn1,partnumber1,144488,0.23
20140822,source1,mfr1,mpn1,partnumber2,141000,0.03749
20140823,source1,mfr1,mpn1,partnumber3,141367,-1
20140823,source1,mfr1,mpn1,partnumber1,141367,0.23
20140823,source1,mfr1,mpn1,partnumber2,138000,0.03749
20140824,source1,mfr1,mpn1,partnumber3,141367,-1
20140824,source1,mfr1,mpn1,partnumber1,141302,0.23
20140824,source1,mfr1,mpn1,partnumber2,138000,0.03749
20140825,source1,mfr1,mpn1,partnumber3,141302,-1
20140825,source1,mfr1,mpn1,partnumber1,141302,0.23
20140825,source1,mfr1,mpn1,partnumber2,138000,0.03749
20140826,source1,mfr1,mpn1,partnumber3,165302,-1
20140826,source1,mfr1,mpn1,partnumber1,165302,0.23
20140826,source1,mfr1,mpn1,partnumber2,162000,0.03749
20140827,source1,mfr1,mpn1,partnumber3,159202,-1
20140827,source1,mfr1,mpn1,partnumber1,159202,0.23
20140827,source1,mfr1,mpn1,partnumber2,156000,0.03749
20140828,source1,mfr1,mpn1,partnumber2,156000,0.03749
20140828,source1,mfr1,mpn1,partnumber1,156117,0.23
20140828,source1,mfr1,mpn1,partnumber3,156117,-1
20140829,source1,mfr1,mpn1,partnumber3,155602,-1
20140829,source1,mfr1,mpn1,partnumber1,155602,0.23
20140829,source1,mfr1,mpn1,partnumber2,153000,0.03749
20140830,source1,mfr1,mpn1,partnumber3,155443,-1
20140830,source1,mfr1,mpn1,partnumber1,155443,0.23
20140830,source1,mfr1,mpn1,partnumber2,153000,0.03749
20140831,source1,mfr1,mpn1,partnumber2,153000,0.03749
20140831,source1,mfr1,mpn1,partnumber1,155443,0.23
20140831,source1,mfr1,mpn1,partnumber3,155443,-1
20140901,source1,mfr1,mpn1,partnumber3,155438,-1
20140901,source1,mfr1,mpn1,partnumber1,155438,0.23
20140901,source1,mfr1,mpn1,partnumber2,153000,0.03749
20140902,source1,mfr1,mpn1,partnumber2,150000,0.03749
20140902,source1,mfr1,mpn1,partnumber1,152938,0.23
20140902,source1,mfr1,mpn1,partnumber3,152938,-1
20140903,source1,mfr1,mpn1,partnumber3,143898,-1
20140903,source1,mfr1,mpn1,partnumber1,143898,0.23
20140903,source1,mfr1,mpn1,partnumber2,141000,0.03749
20140904,source1,mfr1,mpn1,partnumber2,141000,0.03749
20140904,source1,mfr1,mpn1,partnumber1,143863,0.23
20140904,source1,mfr1,mpn1,partnumber3,143863,-1
20140905,source1,mfr1,mpn1,partnumber3,143467,-1
20140905,source1,mfr1,mpn1,partnumber1,143467,0.23
20140905,source1,mfr1,mpn1,partnumber2,141000,0.03749
20140906,source1,mfr1,mpn1,partnumber3,143052,-1
20140906,source1,mfr1,mpn1,partnumber1,143052,0.23
20140906,source1,mfr1,mpn1,partnumber2,141000,0.03749
20140907,source1,mfr1,mpn1,partnumber3,143052,-1
20140907,source1,mfr1,mpn1,partnumber1,143052,0.23
20140907,source1,mfr1,mpn1,partnumber2,141000,0.03749
20140908,source1,mfr1,mpn1,partnumber2,141000,0.03749
20140908,source1,mfr1,mpn1,partnumber1,143052,0.23
20140908,source1,mfr1,mpn1,partnumber3,143052,-1
20140909,source1,mfr1,mpn1,partnumber2,138000,0.03749
20140909,source1,mfr1,mpn1,partnumber1,139779,0.23
20140909,source1,mfr1,mpn1,partnumber3,139779,-1
20140910,source1,mfr1,mpn1,partnumber3,139739,-1
20140910,source1,mfr1,mpn1,partnumber1,139739,0.23
20140910,source1,mfr1,mpn1,partnumber2,138000,0.03749
20140911,source1,mfr1,mpn1,partnumber3,139719,-1
20140911,source1,mfr1,mpn1,partnumber1,139719,0.23
20140911,source1,mfr1,mpn1,partnumber2,138000,0.03749
20140912,source1,mfr1,mpn1,partnumber2,135000,0.03749
20140912,source1,mfr1,mpn1,partnumber1,135695,0.23
20140912,source1,mfr1,mpn1,partnumber3,135695,-1
20140913,source1,mfr1,mpn1,partnumber2,126000,0.03749
20140913,source1,mfr1,mpn1,partnumber1,128510,0.23
20140913,source1,mfr1,mpn1,partnumber3,128510,-1
20140915,source1,mfr1,mpn1,partnumber3,128375,-1
20140915,source1,mfr1,mpn1,partnumber1,128375,0.23
20140915,source1,mfr1,mpn1,partnumber2,126000,0.03749
20140916,source1,mfr1,mpn1,partnumber3,128342,-1
20140916,source1,mfr1,mpn1,partnumber1,128342,0.23
20140916,source1,mfr1,mpn1,partnumber2,126000,0.03749
20140917,source1,mfr1,mpn1,partnumber3,126869,-1
20140917,source1,mfr1,mpn1,partnumber1,126869,0.23
20140917,source1,mfr1,mpn1,partnumber2,126000,0.03749
20140918,source1,mfr1,mpn1,partnumber3,147815,-1
20140918,source1,mfr1,mpn1,partnumber1,147815,0.23
20140918,source1,mfr1,mpn1,partnumber2,147000,0.03749
20140919,source1,mfr1,mpn1,partnumber3,132680,-1
20140919,source1,mfr1,mpn1,partnumber1,132680,0.23
20140919,source1,mfr1,mpn1,partnumber2,132000,0.03749
20140920,source1,mfr1,mpn1,partnumber3,132680,-1
20140920,source1,mfr1,mpn1,partnumber1,132680,0.23
20140920,source1,mfr1,mpn1,partnumber2,132000,0.03749
20140921,source1,mfr1,mpn1,partnumber3,132655,-1
20140921,source1,mfr1,mpn1,partnumber1,132655,0.23
20140921,source1,mfr1,mpn1,partnumber2,132000,0.03749
20140922,source1,mfr1,mpn1,partnumber2,132000,0.03749
20140922,source1,mfr1,mpn1,partnumber1,132595,0.23
20140922,source1,mfr1,mpn1,partnumber3,132595,-1
20140923,source1,mfr1,mpn1,partnumber2,132000,0.03749
20140923,source1,mfr1,mpn1,partnumber1,132330,0.23
20140923,source1,mfr1,mpn1,partnumber3,132330,-1
20140924,source1,mfr1,mpn1,partnumber3,131143,-1
20140924,source1,mfr1,mpn1,partnumber1,131143,0.23
20140924,source1,mfr1,mpn1,partnumber2,129000,0.03749
20140925,source1,mfr1,mpn1,partnumber3,131108,-1
20140925,source1,mfr1,mpn1,partnumber1,131108,0.23
20140925,source1,mfr1,mpn1,partnumber2,129000,0.03749
20140926,source1,mfr1,mpn1,partnumber3,130961,-1
20140926,source1,mfr1,mpn1,partnumber1,130961,0.23
20140926,source1,mfr1,mpn1,partnumber2,129000,0.03749
20140927,source1,mfr1,mpn1,partnumber3,130833,-1
20140927,source1,mfr1,mpn1,partnumber1,130833,0.23
20140927,source1,mfr1,mpn1,partnumber2,129000,0.03749
20140928,source1,mfr1,mpn1,partnumber2,129000,0.03749
20140928,source1,mfr1,mpn1,partnumber1,130833,0.23
20140928,source1,mfr1,mpn1,partnumber3,130833,-1
20140929,source1,mfr1,mpn1,partnumber2,129000,0.03749
20140929,source1,mfr1,mpn1,partnumber1,130833,0.23
20140929,source1,mfr1,mpn1,partnumber3,130833,-1
20140930,source1,mfr1,mpn1,partnumber3,126983,-1
20140930,source1,mfr1,mpn1,partnumber1,126983,0.23
20140930,source1,mfr1,mpn1,partnumber2,126000,0.03749
20141001,source1,mfr1,mpn1,partnumber3,126774,-1
20141001,source1,mfr1,mpn1,partnumber1,126774,0.23
20141001,source1,mfr1,mpn1,partnumber2,126000,0.03749
20141002,source1,mfr1,mpn1,partnumber2,126000,0.03749
20141002,source1,mfr1,mpn1,partnumber1,126674,0.23
20141002,source1,mfr1,mpn1,partnumber3,126674,-1
20141003,source1,mfr1,mpn1,partnumber2,123000,0.03749
20141003,source1,mfr1,mpn1,partnumber1,125624,0.23
20141003,source1,mfr1,mpn1,partnumber3,125624,-1
20141004,source1,mfr1,mpn1,partnumber3,118624,-1
20141004,source1,mfr1,mpn1,partnumber1,118624,0.23
20141004,source1,mfr1,mpn1,partnumber2,117000,0.03749
20141005,source1,mfr1,mpn1,partnumber3,118594,-1
20141005,source1,mfr1,mpn1,partnumber1,118594,0.23
20141005,source1,mfr1,mpn1,partnumber2,117000,0.03749
20141006,source1,mfr1,mpn1,partnumber2,117000,0.03749
20141006,source1,mfr1,mpn1,partnumber1,118594,0.23
20141006,source1,mfr1,mpn1,partnumber3,118594,-1
20141007,source1,mfr1,mpn1,partnumber2,117000,0.03749
20141007,source1,mfr1,mpn1,partnumber1,117489,0.23
20141007,source1,mfr1,mpn1,partnumber3,117489,-1
20141008,source1,mfr1,mpn1,partnumber3,116342,-1
20141008,source1,mfr1,mpn1,partnumber1,116342,0.23
20141008,source1,mfr1,mpn1,partnumber2,114000,0.03749
20141009,source1,mfr1,mpn1,partnumber3,112769,-1
20141009,source1,mfr1,mpn1,partnumber1,112769,0.23
20141009,source1,mfr1,mpn1,partnumber2,111000,0.03749
20141011,source1,mfr1,mpn1,partnumber3,112740,-1
20141011,source1,mfr1,mpn1,partnumber1,112740,0.23
20141011,source1,mfr1,mpn1,partnumber2,111000,0.03749
20141012,source1,mfr1,mpn1,partnumber2,111000,0.03749
20141012,source1,mfr1,mpn1,partnumber1,112740,0.23
20141012,source1,mfr1,mpn1,partnumber3,112740,-1
20141013,source1,mfr1,mpn1,partnumber3,112740,-1
20141013,source1,mfr1,mpn1,partnumber1,112740,0.23
20141013,source1,mfr1,mpn1,partnumber2,111000,0.03749
20141014,source1,mfr1,mpn1,partnumber2,111000,0.03749
20141014,source1,mfr1,mpn1,partnumber1,112495,0.23
20141014,source1,mfr1,mpn1,partnumber3,112495,-1
20141015,source1,mfr1,mpn1,partnumber2,111000,0.03749
20141015,source1,mfr1,mpn1,partnumber1,144795,0.23
20141015,source1,mfr1,mpn1,partnumber3,144795,-1
20141016,source1,mfr1,mpn1,partnumber3,141542,-1
20141016,source1,mfr1,mpn1,partnumber1,141542,0.23
20141016,source1,mfr1,mpn1,partnumber2,141000,0.03749
20141017,source1,mfr1,mpn1,partnumber3,137892,-1
20141017,source1,mfr1,mpn1,partnumber1,138542,0.23
20141017,source1,mfr1,mpn1,partnumber2,135000,0.03749
20141018,source1,mfr1,mpn1,partnumber2,132000,0.03749
20141018,source1,mfr1,mpn1,partnumber1,135297,0.23
20141018,source1,mfr1,mpn1,partnumber3,135297,-1
20141019,source1,mfr1,mpn1,partnumber2,132000,0.03749
20141019,source1,mfr1,mpn1,partnumber1,135297,0.23
20141019,source1,mfr1,mpn1,partnumber3,135297,-1
20141020,source1,mfr1,mpn1,partnumber3,135297,-1
20141020,source1,mfr1,mpn1,partnumber1,135297,0.23
20141020,source1,mfr1,mpn1,partnumber2,132000,0.03749
20141021,source1,mfr1,mpn1,partnumber2,126000,0.03749
20141021,source1,mfr1,mpn1,partnumber1,128946,0.23
20141021,source1,mfr1,mpn1,partnumber3,128946,-1
20141022,source1,mfr1,mpn1,partnumber3,125421,-1
20141022,source1,mfr1,mpn1,partnumber1,125421,0.23
20141022,source1,mfr1,mpn1,partnumber2,123000,0.03749
20141023,source1,mfr1,mpn1,partnumber3,125021,-1
20141023,source1,mfr1,mpn1,partnumber1,125021,0.23
20141023,source1,mfr1,mpn1,partnumber2,123000,0.03749
20141024,source1,mfr1,mpn1,partnumber3,160406,-1
20141024,source1,mfr1,mpn1,partnumber1,160406,0.23
20141024,source1,mfr1,mpn1,partnumber2,159000,0.03749
20141025,source1,mfr1,mpn1,partnumber3,157356,-1
20141025,source1,mfr1,mpn1,partnumber1,157356,0.23
20141025,source1,mfr1,mpn1,partnumber2,156000,0.03749
20141026,source1,mfr1,mpn1,partnumber3,156343,-1
20141026,source1,mfr1,mpn1,partnumber1,156343,0.23
20141026,source1,mfr1,mpn1,partnumber2,156000,0.03749
20141027,source1,mfr1,mpn1,partnumber2,156000,0.03749
20141027,source1,mfr1,mpn1,partnumber1,156343,0.23
20141027,source1,mfr1,mpn1,partnumber3,156343,-1
20141028,source1,mfr1,mpn1,partnumber2,156000,0.03749
20141028,source1,mfr1,mpn1,partnumber1,157028,0.23
20141028,source1,mfr1,mpn1,partnumber3,157028,-1
20141029,source1,mfr1,mpn1,partnumber3,153628,-1
20141029,source1,mfr1,mpn1,partnumber1,153628,0.23
20141029,source1,mfr1,mpn1,partnumber2,153000,0.03749
20141030,source1,mfr1,mpn1,partnumber3,153578,-1
20141030,source1,mfr1,mpn1,partnumber1,153578,0.23
20141030,source1,mfr1,mpn1,partnumber2,153000,0.03749
20141031,source1,mfr1,mpn1,partnumber2,153000,0.03749
20141031,source1,mfr1,mpn1,partnumber1,153283,0.23
20141031,source1,mfr1,mpn1,partnumber3,153283,-1
20141101,source1,mfr1,mpn1,partnumber3,149973,-1
20141101,source1,mfr1,mpn1,partnumber1,149973,0.23
20141101,source1,mfr1,mpn1,partnumber2,147000,0.03749
20141102,source1,mfr1,mpn1,partnumber3,149993,-1
20141102,source1,mfr1,mpn1,partnumber1,149993,0.23
20141102,source1,mfr1,mpn1,partnumber2,147000,0.03749
20141105,source1,mfr1,mpn1,partnumber3,142967,-1
20141105,source1,mfr1,mpn1,partnumber1,142967,0.23
20141105,source1,mfr1,mpn1,partnumber2,141000,0.03749
20141106,source1,mfr1,mpn1,partnumber2,141000,0.03749
20141106,source1,mfr1,mpn1,partnumber1,142617,0.23
20141106,source1,mfr1,mpn1,partnumber3,142617,-1
20141108,source1,mfr1,mpn1,partnumber3,138822,-1
20141108,source1,mfr1,mpn1,partnumber1,138822,0.23
20141108,source1,mfr1,mpn1,partnumber2,138000,0.03749
20141109,source1,mfr1,mpn1,partnumber3,138822,-1
20141109,source1,mfr1,mpn1,partnumber1,138822,0.23
20141109,source1,mfr1,mpn1,partnumber2,138000,0.03749
20141110,source1,mfr1,mpn1,partnumber2,138000,0.03749
20141110,source1,mfr1,mpn1,partnumber1,138797,0.23
20141110,source1,mfr1,mpn1,partnumber3,138797,-1
20141111,source1,mfr1,mpn1,partnumber3,138757,-1
20141111,source1,mfr1,mpn1,partnumber1,138507,0.23
20141111,source1,mfr1,mpn1,partnumber2,138000,0.03749
20141112,source1,mfr1,mpn1,partnumber3,138497,-1
20141112,source1,mfr1,mpn1,partnumber1,138497,0.23
20141112,source1,mfr1,mpn1,partnumber2,138000,0.03749
20141113,source1,mfr1,mpn1,partnumber3,138382,-1
20141113,source1,mfr1,mpn1,partnumber1,138382,0.23
20141113,source1,mfr1,mpn1,partnumber2,138000,0.03749
20141114,source1,mfr1,mpn1,partnumber3,138193,-1
20141114,source1,mfr1,mpn1,partnumber1,138193,0.23
20141114,source1,mfr1,mpn1,partnumber2,135000,0.03749
